{
  "vanilla_42_prefer_hate": {
    "model": "vanilla_42_prefer_hate",
    "dataset": "a3",
    "subset_accuracy": 0.5644444444444444,
    "hamming_loss": 0.08752525252525252,
    "f1_samples": 0.6310105820105821,
    "f1_macro": 0.32259112170718535,
    "f1_micro": 0.6000461573967228,
    "precision_samples": 0.6430555555555556,
    "precision_macro": 0.37730434072013974,
    "precision_micro": 0.6181645268663813,
    "recall_samples": 0.633425925925926,
    "recall_macro": 0.30916154310798727,
    "recall_micro": 0.5829596412556054,
    "f1_per_label": {
      "normal": 0.7813504823151125,
      "individuals#offensive": 0.25892857142857145,
      "individuals#hate": 0.6179196704428425,
      "groups#offensive": 0.264026402640264,
      "groups#hate": 0.5622317596566524,
      "religion#offensive": 0.0,
      "religion#hate": 0.0,
      "race#offensive": 0.13559322033898305,
      "race#hate": 0.20588235294117646,
      "politics#offensive": 0.2127659574468085,
      "politics#hate": 0.5098039215686274
    },
    "precision_per_label": {
      "normal": 0.729,
      "individuals#offensive": 0.46774193548387094,
      "individuals#hate": 0.5825242718446602,
      "groups#offensive": 0.3389830508474576,
      "groups#hate": 0.5504201680672269,
      "religion#offensive": 0.0,
      "religion#hate": 0.0,
      "race#offensive": 0.16,
      "race#hate": 0.5384615384615384,
      "politics#offensive": 0.19230769230769232,
      "politics#hate": 0.5909090909090909
    },
    "recall_per_label": {
      "normal": 0.8418013856812933,
      "individuals#offensive": 0.17901234567901234,
      "individuals#hate": 0.6578947368421053,
      "groups#offensive": 0.21621621621621623,
      "groups#hate": 0.5745614035087719,
      "religion#offensive": 0.0,
      "religion#hate": 0.0,
      "race#offensive": 0.11764705882352941,
      "race#hate": 0.12727272727272726,
      "politics#offensive": 0.23809523809523808,
      "politics#hate": 0.4482758620689655
    },
    "timestamp": "2026-04-23T16:35:46.233246",
    "n_samples": 1800
  },
  "vanilla_42_prefer_offensive": {
    "model": "vanilla_42_prefer_offensive",
    "dataset": "a3",
    "subset_accuracy": 0.5644444444444444,
    "hamming_loss": 0.08752525252525252,
    "f1_samples": 0.6310105820105821,
    "f1_macro": 0.32259112170718535,
    "f1_micro": 0.6000461573967228,
    "precision_samples": 0.6430555555555556,
    "precision_macro": 0.37730434072013974,
    "precision_micro": 0.6181645268663813,
    "recall_samples": 0.633425925925926,
    "recall_macro": 0.30916154310798727,
    "recall_micro": 0.5829596412556054,
    "f1_per_label": {
      "normal": 0.7813504823151125,
      "individuals#offensive": 0.25892857142857145,
      "individuals#hate": 0.6179196704428425,
      "groups#offensive": 0.264026402640264,
      "groups#hate": 0.5622317596566524,
      "religion#offensive": 0.0,
      "religion#hate": 0.0,
      "race#offensive": 0.13559322033898305,
      "race#hate": 0.20588235294117646,
      "politics#offensive": 0.2127659574468085,
      "politics#hate": 0.5098039215686274
    },
    "precision_per_label": {
      "normal": 0.729,
      "individuals#offensive": 0.46774193548387094,
      "individuals#hate": 0.5825242718446602,
      "groups#offensive": 0.3389830508474576,
      "groups#hate": 0.5504201680672269,
      "religion#offensive": 0.0,
      "religion#hate": 0.0,
      "race#offensive": 0.16,
      "race#hate": 0.5384615384615384,
      "politics#offensive": 0.19230769230769232,
      "politics#hate": 0.5909090909090909
    },
    "recall_per_label": {
      "normal": 0.8418013856812933,
      "individuals#offensive": 0.17901234567901234,
      "individuals#hate": 0.6578947368421053,
      "groups#offensive": 0.21621621621621623,
      "groups#hate": 0.5745614035087719,
      "religion#offensive": 0.0,
      "religion#hate": 0.0,
      "race#offensive": 0.11764705882352941,
      "race#hate": 0.12727272727272726,
      "politics#offensive": 0.23809523809523808,
      "politics#hate": 0.4482758620689655
    },
    "timestamp": "2026-04-23T16:35:46.281192",
    "n_samples": 1800
  },
  "rsqwen_42_prefer_hate": {
    "model": "rsqwen_42_prefer_hate",
    "dataset": "a3",
    "subset_accuracy": 0.5077777777777778,
    "hamming_loss": 0.10237373737373737,
    "f1_samples": 0.6070582010582011,
    "f1_macro": 0.3536669644260224,
    "f1_micro": 0.5744278815872349,
    "precision_samples": 0.6017592592592592,
    "precision_macro": 0.345771044238657,
    "precision_micro": 0.5400710619818397,
    "recall_samples": 0.63375,
    "recall_macro": 0.37813103770075784,
    "recall_micro": 0.6134529147982063,
    "f1_per_label": {
      "normal": 0.7591424968474149,
      "individuals#offensive": 0.4065934065934066,
      "individuals#hate": 0.6219630709426628,
      "groups#offensive": 0.36432637571157495,
      "groups#hate": 0.4897260273972603,
      "religion#offensive": 0.0,
      "religion#hate": 0.0,
      "race#offensive": 0.2898550724637681,
      "race#hate": 0.4444444444444444,
      "politics#offensive": 0.0,
      "politics#hate": 0.5142857142857142
    },
    "precision_per_label": {
      "normal": 0.8361111111111111,
      "individuals#offensive": 0.36633663366336633,
      "individuals#hate": 0.5584642233856894,
      "groups#offensive": 0.2807017543859649,
      "groups#hate": 0.40168539325842695,
      "religion#offensive": 0.0,
      "religion#hate": 0.0,
      "race#offensive": 0.2857142857142857,
      "race#hate": 0.5,
      "politics#offensive": 0.0,
      "politics#hate": 0.574468085106383
    },
    "recall_per_label": {
      "normal": 0.6951501154734411,
      "individuals#offensive": 0.4567901234567901,
      "individuals#hate": 0.7017543859649122,
      "groups#offensive": 0.518918918918919,
      "groups#hate": 0.6271929824561403,
      "religion#offensive": 0.0,
      "religion#hate": 0.0,
      "race#offensive": 0.29411764705882354,
      "race#hate": 0.4,
      "politics#offensive": 0.0,
      "politics#hate": 0.46551724137931033
    },
    "timestamp": "2026-04-23T16:35:46.330392",
    "n_samples": 1800
  },
  "rsqwen_42_prefer_offensive": {
    "model": "rsqwen_42_prefer_offensive",
    "dataset": "a3",
    "subset_accuracy": 0.5077777777777778,
    "hamming_loss": 0.10237373737373737,
    "f1_samples": 0.6070582010582011,
    "f1_macro": 0.3536669644260224,
    "f1_micro": 0.5744278815872349,
    "precision_samples": 0.6017592592592592,
    "precision_macro": 0.345771044238657,
    "precision_micro": 0.5400710619818397,
    "recall_samples": 0.63375,
    "recall_macro": 0.37813103770075784,
    "recall_micro": 0.6134529147982063,
    "f1_per_label": {
      "normal": 0.7591424968474149,
      "individuals#offensive": 0.4065934065934066,
      "individuals#hate": 0.6219630709426628,
      "groups#offensive": 0.36432637571157495,
      "groups#hate": 0.4897260273972603,
      "religion#offensive": 0.0,
      "religion#hate": 0.0,
      "race#offensive": 0.2898550724637681,
      "race#hate": 0.4444444444444444,
      "politics#offensive": 0.0,
      "politics#hate": 0.5142857142857142
    },
    "precision_per_label": {
      "normal": 0.8361111111111111,
      "individuals#offensive": 0.36633663366336633,
      "individuals#hate": 0.5584642233856894,
      "groups#offensive": 0.2807017543859649,
      "groups#hate": 0.40168539325842695,
      "religion#offensive": 0.0,
      "religion#hate": 0.0,
      "race#offensive": 0.2857142857142857,
      "race#hate": 0.5,
      "politics#offensive": 0.0,
      "politics#hate": 0.574468085106383
    },
    "recall_per_label": {
      "normal": 0.6951501154734411,
      "individuals#offensive": 0.4567901234567901,
      "individuals#hate": 0.7017543859649122,
      "groups#offensive": 0.518918918918919,
      "groups#hate": 0.6271929824561403,
      "religion#offensive": 0.0,
      "religion#hate": 0.0,
      "race#offensive": 0.29411764705882354,
      "race#hate": 0.4,
      "politics#offensive": 0.0,