{
  "vanilla_456_prefer_hate": {
    "model": "vanilla_456_prefer_hate",
    "dataset": "a3",
    "subset_accuracy": 0.5816666666666667,
    "hamming_loss": 0.08792929292929293,
    "f1_samples": 0.6446071428571427,
    "f1_macro": 0.3267363622943057,
    "f1_micro": 0.6045877810583693,
    "precision_samples": 0.6526851851851851,
    "precision_macro": 0.34186127089255836,
    "precision_micro": 0.6125172572480442,
    "recall_samples": 0.6514351851851852,
    "recall_macro": 0.33781767877544944,
    "recall_micro": 0.5968609865470852,
    "f1_per_label": {
      "normal": 0.79768177028451,
      "individuals#offensive": 0.3609022556390977,
      "individuals#hate": 0.610752688172043,
      "groups#offensive": 0.18253968253968253,
      "groups#hate": 0.5473684210526316,
      "religion#offensive": 0.0,
      "religion#hate": 0.0,
      "race#offensive": 0.11267605633802817,
      "race#hate": 0.3076923076923077,
      "politics#offensive": 0.14545454545454545,
      "politics#hate": 0.5290322580645161
    },
    "precision_per_label": {
      "normal": 0.7335271317829457,
      "individuals#offensive": 0.46153846153846156,
      "individuals#hate": 0.5991561181434599,
      "groups#offensive": 0.34328358208955223,
      "groups#hate": 0.6842105263157895,
      "religion#offensive": 0.0,
      "religion#hate": 0.0,
      "race#offensive": 0.10810810810810811,
      "race#hate": 0.2903225806451613,
      "politics#offensive": 0.11764705882352941,
      "politics#hate": 0.422680412371134
    },
    "recall_per_label": {
      "normal": 0.874133949191686,
      "individuals#offensive": 0.2962962962962963,
      "individuals#hate": 0.6228070175438597,
      "groups#offensive": 0.12432432432432433,
      "groups#hate": 0.45614035087719296,
      "religion#offensive": 0.0,
      "religion#hate": 0.0,
      "race#offensive": 0.11764705882352941,
      "race#hate": 0.32727272727272727,
      "politics#offensive": 0.19047619047619047,
      "politics#hate": 0.7068965517241379
    },
    "timestamp": "2026-04-23T14:54:03.791239",
    "n_samples": 1800
  },
  "vanilla_456_prefer_offensive": {
    "model": "vanilla_456_prefer_offensive",
    "dataset": "a3",
    "subset_accuracy": 0.5816666666666667,
    "hamming_loss": 0.08792929292929293,
    "f1_samples": 0.6446071428571427,
    "f1_macro": 0.3267363622943057,
    "f1_micro": 0.6045877810583693,
    "precision_samples": 0.6526851851851851,
    "precision_macro": 0.34186127089255836,
    "precision_micro": 0.6125172572480442,
    "recall_samples": 0.6514351851851852,
    "recall_macro": 0.33781767877544944,
    "recall_micro": 0.5968609865470852,
    "f1_per_label": {
      "normal": 0.79768177028451,
      "individuals#offensive": 0.3609022556390977,
      "individuals#hate": 0.610752688172043,
      "groups#offensive": 0.18253968253968253,
      "groups#hate": 0.5473684210526316,
      "religion#offensive": 0.0,
      "religion#hate": 0.0,
      "race#offensive": 0.11267605633802817,
      "race#hate": 0.3076923076923077,
      "politics#offensive": 0.14545454545454545,
      "politics#hate": 0.5290322580645161
    },
    "precision_per_label": {
      "normal": 0.7335271317829457,
      "individuals#offensive": 0.46153846153846156,
      "individuals#hate": 0.5991561181434599,
      "groups#offensive": 0.34328358208955223,
      "groups#hate": 0.6842105263157895,
      "religion#offensive": 0.0,
      "religion#hate": 0.0,
      "race#offensive": 0.10810810810810811,
      "race#hate": 0.2903225806451613,
      "politics#offensive": 0.11764705882352941,
      "politics#hate": 0.422680412371134
    },
    "recall_per_label": {
      "normal": 0.874133949191686,
      "individuals#offensive": 0.2962962962962963,
      "individuals#hate": 0.6228070175438597,
      "groups#offensive": 0.12432432432432433,
      "groups#hate": 0.45614035087719296,
      "religion#offensive": 0.0,
      "religion#hate": 0.0,
      "race#offensive": 0.11764705882352941,
      "race#hate": 0.32727272727272727,
      "politics#offensive": 0.19047619047619047,
      "politics#hate": 0.7068965517241379
    },
    "timestamp": "2026-04-23T14:54:03.843360",
    "n_samples": 1800
  },
  "rsqwen_456_prefer_hate": {
    "model": "rsqwen_456_prefer_hate",
    "dataset": "a3",
    "subset_accuracy": 0.5233333333333333,
    "hamming_loss": 0.10186868686868687,
    "f1_samples": 0.6155185185185186,
    "f1_macro": 0.35814514859044233,
    "f1_micro": 0.5793534932221064,
    "precision_samples": 0.6180092592592592,
    "precision_macro": 0.34187855072115086,
    "precision_micro": 0.5415204678362573,
    "recall_samples": 0.6365740740740742,
    "recall_macro": 0.4219687675808018,
    "recall_micro": 0.6228699551569506,
    "f1_per_label": {
      "normal": 0.76171875,
      "individuals#offensive": 0.43178807947019865,
      "individuals#hate": 0.6239855725879171,
      "groups#offensive": 0.31221719457013575,
      "groups#hate": 0.5333333333333333,
      "religion#offensive": 0.0,
      "religion#hate": 0.0,
      "race#offensive": 0.2127659574468085,
      "race#hate": 0.46236559139784944,
      "politics#offensive": 0.0625,
      "politics#hate": 0.5389221556886228
    },
    "precision_per_label": {
      "normal": 0.8731343283582089,
      "individuals#offensive": 0.37819025522041766,
      "individuals#hate": 0.5298621745788668,
      "groups#offensive": 0.26848249027237353,
      "groups#hate": 0.4943820224719101,
      "religion#offensive": 0.0,
      "religion#hate": 0.0,
      "race#offensive": 0.38461538461538464,
      "race#hate": 0.3282442748091603,
      "politics#offensive": 0.09090909090909091,
      "politics#hate": 0.41284403669724773
    },
    "recall_per_label": {
      "normal": 0.6755196304849884,
      "individuals#offensive": 0.5030864197530864,
      "individuals#hate": 0.7587719298245614,
      "groups#offensive": 0.372972972972973,
      "groups#hate": 0.5789473684210527,
      "religion#offensive": 0.0,
      "religion#hate": 0.0,
      "race#offensive": 0.14705882352941177,
      "race#hate": 0.7818181818181819,
      "politics#offensive": 0.047619047619047616,
      "politics#hate": 0.7758620689655172
    },
    "timestamp": "2026-04-23T14:54:03.893613",
    "n_samples": 1800
  },
  "rsqwen_456_prefer_offensive": {
    "model": "rsqwen_456_prefer_offensive",
    "dataset": "a3",
    "subset_accuracy": 0.5233333333333333,
    "hamming_loss": 0.10186868686868687,
    "f1_samples": 0.6155185185185186,
    "f1_macro": 0.35814514859044233,
    "f1_micro": 0.5793534932221064,
    "precision_samples": 0.6180092592592592,
    "precision_macro": 0.34187855072115086,
    "precision_micro": 0.5415204678362573,
    "recall_samples": 0.6365740740740742,
    "recall_macro": 0.4219687675808018,
    "recall_micro": 0.6228699551569506,
    "f1_per_label": {
      "normal": 0.76171875,
      "individuals#offensive": 0.43178807947019865,
      "individuals#hate": 0.6239855725879171,
      "groups#offensive": 0.31221719457013575,
      "groups#hate": 0.5333333333333333,
      "religion#offensive": 0.0,
      "religion#hate": 0.0,
      "race#offensive": 0.2127659574468085,
      "race#hate": 0.46236559139784944,
      "politics#offensive": 0.0625,
      "politics#hate": 0.5389221556886228
    },
    "precision_per_label": {
      "normal": 0.8731343283582089,
      "individuals#offensive": 0.37819025522041766,
      "individuals#hate": 0.5298621745788668,
      "groups#offensive": 0.26848249027237353,
      "groups#hate": 0.4943820224719101,
      "religion#offensive": 0.0,
      "religion#hate": 0.0,
      "race#offensive": 0.38461538461538464,
      "race#hate": 0.3282442748091603,
      "politics#offensive": 0.09090909090909091,
      "politics#hate": 0.41284403669724773
    },
    "recall_per_label": {
      "normal": 0.6755196304849884,
      "individuals#offensive": 0.5030864197530864,
      "individuals#hate": 0.7587719298245614,
      "groups#offensive": 0.372972972972973,
      "groups#hate": 0.5789473684210527,