{
  "vanilla_123_prefer_hate": {
    "model": "vanilla_123_prefer_hate",
    "dataset": "a3",
    "subset_accuracy": 0.5572222222222222,
    "hamming_loss": 0.09348484848484849,
    "f1_samples": 0.6373637566137565,
    "f1_macro": 0.33319219968831115,
    "f1_micro": 0.5966441490520811,
    "precision_samples": 0.6367592592592592,
    "precision_macro": 0.3265359605471515,
    "precision_micro": 0.5803306485799068,
    "recall_samples": 0.657962962962963,
    "recall_macro": 0.36673269730130204,
    "recall_micro": 0.6139013452914798,
    "f1_per_label": {
      "normal": 0.7974413646055437,
      "individuals#offensive": 0.24017467248908297,
      "individuals#hate": 0.5987261146496815,
      "groups#offensive": 0.1532567049808429,
      "groups#hate": 0.5407554671968191,
      "religion#offensive": 0.0,
      "religion#hate": 0.0,
      "race#offensive": 0.2,
      "race#hate": 0.5271317829457365,
      "politics#offensive": 0.0975609756097561,
      "politics#hate": 0.5100671140939598
    },
    "precision_per_label": {
      "normal": 0.7405940594059406,
      "individuals#offensive": 0.41044776119402987,
      "individuals#hate": 0.5116640746500778,
      "groups#offensive": 0.2631578947368421,
      "groups#hate": 0.49454545454545457,
      "religion#offensive": 0.0,
      "religion#hate": 0.0,
      "race#offensive": 0.19444444444444445,
      "race#hate": 0.4594594594594595,
      "politics#offensive": 0.1,
      "politics#hate": 0.4175824175824176
    },
    "recall_per_label": {
      "normal": 0.8637413394919169,
      "individuals#offensive": 0.1697530864197531,
      "individuals#hate": 0.7214912280701754,
      "groups#offensive": 0.10810810810810811,
      "groups#hate": 0.5964912280701754,
      "religion#offensive": 0.0,
      "religion#hate": 0.0,
      "race#offensive": 0.20588235294117646,
      "race#hate": 0.6181818181818182,
      "politics#offensive": 0.09523809523809523,
      "politics#hate": 0.6551724137931034
    },
    "timestamp": "2026-04-23T16:35:46.428478",
    "n_samples": 1800
  },
  "vanilla_123_prefer_offensive": {
    "model": "vanilla_123_prefer_offensive",
    "dataset": "a3",
    "subset_accuracy": 0.5572222222222222,
    "hamming_loss": 0.09348484848484849,
    "f1_samples": 0.6373637566137565,
    "f1_macro": 0.33319219968831115,
    "f1_micro": 0.5966441490520811,
    "precision_samples": 0.6367592592592592,
    "precision_macro": 0.3265359605471515,
    "precision_micro": 0.5803306485799068,
    "recall_samples": 0.657962962962963,
    "recall_macro": 0.36673269730130204,
    "recall_micro": 0.6139013452914798,
    "f1_per_label": {
      "normal": 0.7974413646055437,
      "individuals#offensive": 0.24017467248908297,
      "individuals#hate": 0.5987261146496815,
      "groups#offensive": 0.1532567049808429,
      "groups#hate": 0.5407554671968191,
      "religion#offensive": 0.0,
      "religion#hate": 0.0,
      "race#offensive": 0.2,
      "race#hate": 0.5271317829457365,
      "politics#offensive": 0.0975609756097561,
      "politics#hate": 0.5100671140939598
    },
    "precision_per_label": {
      "normal": 0.7405940594059406,
      "individuals#offensive": 0.41044776119402987,
      "individuals#hate": 0.5116640746500778,
      "groups#offensive": 0.2631578947368421,
      "groups#hate": 0.49454545454545457,
      "religion#offensive": 0.0,
      "religion#hate": 0.0,
      "race#offensive": 0.19444444444444445,
      "race#hate": 0.4594594594594595,
      "politics#offensive": 0.1,
      "politics#hate": 0.4175824175824176
    },
    "recall_per_label": {
      "normal": 0.8637413394919169,
      "individuals#offensive": 0.1697530864197531,
      "individuals#hate": 0.7214912280701754,
      "groups#offensive": 0.10810810810810811,
      "groups#hate": 0.5964912280701754,
      "religion#offensive": 0.0,
      "religion#hate": 0.0,
      "race#offensive": 0.20588235294117646,
      "race#hate": 0.6181818181818182,
      "politics#offensive": 0.09523809523809523,
      "politics#hate": 0.6551724137931034
    },
    "timestamp": "2026-04-23T16:35:46.476663",
    "n_samples": 1800
  },
  "rsqwen_123_prefer_hate": {
    "model": "rsqwen_123_prefer_hate",
    "dataset": "a3",
    "subset_accuracy": 0.4955555555555556,
    "hamming_loss": 0.11176767676767677,
    "f1_samples": 0.59744708994709,
    "f1_macro": 0.366076346237001,
    "f1_micro": 0.5587238285144567,
    "precision_samples": 0.5869166666666666,
    "precision_macro": 0.32135232324426566,
    "precision_micro": 0.503052064631957,
    "recall_samples": 0.6340277777777777,
    "recall_macro": 0.45669053796174874,
    "recall_micro": 0.6282511210762332,
    "f1_per_label": {
      "normal": 0.7515070328198259,
      "individuals#offensive": 0.4225352112676056,
      "individuals#hate": 0.6061185468451242,
      "groups#offensive": 0.32616487455197135,
      "groups#hate": 0.5326460481099656,
      "religion#offensive": 0.0,
      "religion#hate": 0.0,
      "race#offensive": 0.2803738317757009,
      "race#hate": 0.54421768707483,
      "politics#offensive": 0.07547169811320754,
      "politics#hate": 0.4878048780487805
    },
    "precision_per_label": {
      "normal": 0.8947368421052632,
      "individuals#offensive": 0.3409090909090909,
      "individuals#hate": 0.5372881355932203,
      "groups#offensive": 0.24396782841823056,
      "groups#hate": 0.4378531073446328,
      "religion#offensive": 0.0,
      "religion#hate": 0.0,
      "race#offensive": 0.2054794520547945,
      "race#hate": 0.43478260869565216,
      "politics#offensive": 0.0625,
      "politics#hate": 0.37735849056603776
    },
    "recall_per_label": {
      "normal": 0.6478060046189377,
      "individuals#offensive": 0.5555555555555556,
      "individuals#hate": 0.6951754385964912,
      "groups#offensive": 0.4918918918918919,
      "groups#hate": 0.6798245614035088,
      "religion#offensive": 0.0,
      "religion#hate": 0.0,
      "race#offensive": 0.4411764705882353,
      "race#hate": 0.7272727272727273,
      "politics#offensive": 0.09523809523809523,
      "politics#hate": 0.6896551724137931
    },
    "timestamp": "2026-04-23T16:35:46.526295",
    "n_samples": 1800
  },
  "rsqwen_123_prefer_offensive": {
    "model": "rsqwen_123_prefer_offensive",
    "dataset": "a3",
    "subset_accuracy": 0.4955555555555556,
    "hamming_loss": 0.11176767676767677,
    "f1_samples": 0.59744708994709,
    "f1_macro": 0.366076346237001,
    "f1_micro": 0.5587238285144567,
    "precision_samples": 0.5869166666666666,
    "precision_macro": 0.32135232324426566,
    "precision_micro": 0.503052064631957,
    "recall_samples": 0.6340277777777777,
    "recall_macro": 0.45669053796174874,
    "recall_micro": 0.6282511210762332,
    "f1_per_label": {
      "normal": 0.7515070328198259,
      "individuals#offensive": 0.4225352112676056,
      "individuals#hate": 0.6061185468451242,
      "groups#offensive": 0.32616487455197135,
      "groups#hate": 0.5326460481099656,
      "religion#offensive": 0.0,
      "religion#hate": 0.0,
      "race#offensive": 0.2803738317757009,
      "race#hate": 0.54421768707483,
      "politics#offensive": 0.07547169811320754,
      "politics#hate": 0.4878048780487805
    },
    "precision_per_label": {
      "normal": 0.8947368421052632,
      "individuals#offensive": 0.3409090909090909,
      "individuals#hate": 0.5372881355932203,
      "groups#offensive": 0.24396782841823056,
      "groups#hate": 0.4378531073446328,
      "religion#offensive": 0.0,
      "religion#hate": 0.0,
      "race#offensive": 0.2054794520547945,
      "race#hate": 0.43478260869565216,
      "politics#offensive": 0.0625,
      "politics#hate": 0.37735849056603776
    },
    "recall_per_label": {
      "normal": 0.6478060046189377,
      "individuals#offensive": 0.5555555555555556,
      "individuals#hate": 0.6951754385964912,
      "groups#offensive": 0.4918918918918919,
      "groups#hate": 0.6798245614035088,
      "religion#offensive": 0.0,
      "religion#hate": 0.0,