{
  "freetext": {
    "vanilla_456": {
      "model": "Vanilla_FreeText",
      "dataset": "seed_456",
      "subset_accuracy": 0.5816666666666667,
      "hamming_loss": 0.08792929292929293,
      "f1_samples": 0.6446071428571427,
      "f1_macro": 0.3267363622943057,
      "f1_micro": 0.6045877810583693,
      "precision_samples": 0.6526851851851851,
      "precision_macro": 0.34186127089255836,
      "precision_micro": 0.6125172572480442,
      "recall_samples": 0.6514351851851852,
      "recall_macro": 0.33781767877544944,
      "recall_micro": 0.5968609865470852,
      "f1_per_label": {
        "normal": 0.79768177028451,
        "individuals#offensive": 0.3609022556390977,
        "individuals#hate": 0.610752688172043,
        "groups#offensive": 0.18253968253968253,
        "groups#hate": 0.5473684210526316,
        "religion#offensive": 0.0,
        "religion#hate": 0.0,
        "race#offensive": 0.11267605633802817,
        "race#hate": 0.3076923076923077,
        "politics#offensive": 0.14545454545454545,
        "politics#hate": 0.5290322580645161
      },
      "precision_per_label": {
        "normal": 0.7335271317829457,
        "individuals#offensive": 0.46153846153846156,
        "individuals#hate": 0.5991561181434599,
        "groups#offensive": 0.34328358208955223,
        "groups#hate": 0.6842105263157895,
        "religion#offensive": 0.0,
        "religion#hate": 0.0,
        "race#offensive": 0.10810810810810811,
        "race#hate": 0.2903225806451613,
        "politics#offensive": 0.11764705882352941,
        "politics#hate": 0.422680412371134
      },
      "recall_per_label": {
        "normal": 0.874133949191686,
        "individuals#offensive": 0.2962962962962963,
        "individuals#hate": 0.6228070175438597,
        "groups#offensive": 0.12432432432432433,
        "groups#hate": 0.45614035087719296,
        "religion#offensive": 0.0,
        "religion#hate": 0.0,
        "race#offensive": 0.11764705882352941,
        "race#hate": 0.32727272727272727,
        "politics#offensive": 0.19047619047619047,
        "politics#hate": 0.7068965517241379
      },
      "timestamp": "2026-04-23T12:00:46.978052",
      "n_samples": 1800
    },
    "rsqwen_456": {
      "model": "RSQwen_FreeText",
      "dataset": "seed_456",
      "subset_accuracy": 0.5233333333333333,
      "hamming_loss": 0.10186868686868687,
      "f1_samples": 0.6155185185185186,
      "f1_macro": 0.35814514859044233,
      "f1_micro": 0.5793534932221064,
      "precision_samples": 0.6180092592592592,
      "precision_macro": 0.34187855072115086,
      "precision_micro": 0.5415204678362573,
      "recall_samples": 0.6365740740740742,
      "recall_macro": 0.4219687675808018,
      "recall_micro": 0.6228699551569506,
      "f1_per_label": {
        "normal": 0.76171875,
        "individuals#offensive": 0.43178807947019865,
        "individuals#hate": 0.6239855725879171,
        "groups#offensive": 0.31221719457013575,
        "groups#hate": 0.5333333333333333,
        "religion#offensive": 0.0,
        "religion#hate": 0.0,
        "race#offensive": 0.2127659574468085,
        "race#hate": 0.46236559139784944,
        "politics#offensive": 0.0625,
        "politics#hate": 0.5389221556886228
      },
      "precision_per_label": {
        "normal": 0.8731343283582089,
        "individuals#offensive": 0.37819025522041766,
        "individuals#hate": 0.5298621745788668,
        "groups#offensive": 0.26848249027237353,
        "groups#hate": 0.4943820224719101,
        "religion#offensive": 0.0,
        "religion#hate": 0.0,
        "race#offensive": 0.38461538461538464,
        "race#hate": 0.3282442748091603,
        "politics#offensive": 0.09090909090909091,
        "politics#hate": 0.41284403669724773
      },
      "recall_per_label": {
        "normal": 0.6755196304849884,
        "individuals#offensive": 0.5030864197530864,
        "individuals#hate": 0.7587719298245614,
        "groups#offensive": 0.372972972972973,
        "groups#hate": 0.5789473684210527,
        "religion#offensive": 0.0,
        "religion#hate": 0.0,
        "race#offensive": 0.14705882352941177,
        "race#hate": 0.7818181818181819,
        "politics#offensive": 0.047619047619047616,
        "politics#hate": 0.7758620689655172
      },
      "timestamp": "2026-04-23T13:46:35.626954",
      "n_samples": 1800
    }
  },
  "constrained": {
    "vanilla_456": {
      "model": "Vanilla_Constrained",
      "dataset": "seed_456",
      "subset_accuracy": 0.06111111111111111,
      "hamming_loss": 0.348030303030303,
      "f1_samples": 0.2205485008818342,
      "f1_macro": 0.10134455251492996,
      "f1_micro": 0.2067457119834235,
      "precision_samples": 0.17471296296296296,
      "precision_macro": 0.13774669179230187,
      "precision_micro": 0.13907387331578133,
      "recall_samples": 0.36097222222222225,
      "recall_macro": 0.37371191257026926,
      "recall_micro": 0.4026905829596413,
      "f1_per_label": {
        "normal": 0.21030927835051547,
        "individuals#offensive": 0.0,
        "individuals#hate": 0.4243834341554211,
        "groups#offensive": 0.0,
        "groups#hate": 0.24582210242587602,
        "religion#offensive": 0.0,
        "religion#hate": 0.0,
        "race#offensive": 0.008,
        "race#hate": 0.1325,
        "politics#offensive": 0.0,
        "politics#hate": 0.09377526273241714
      },
      "precision_per_label": {
        "normal": 0.9807692307692307,
        "individuals#offensive": 0.0,
        "individuals#hate": 0.26934435912581217,
        "groups#offensive": 0.0,
        "groups#hate": 0.14013521819299324,
        "religion#offensive": 0.0,
        "religion#hate": 0.0,
        "race#offensive": 0.004629629629629629,
        "race#hate": 0.07114093959731543,
        "politics#offensive": 0.0,
        "politics#hate": 0.04919423240033927
      },
      "recall_per_label": {
        "normal": 0.11778290993071594,
        "individuals#offensive": 0.0,
        "individuals#hate": 1.0,
        "groups#offensive": 0.0,
        "groups#hate": 1.0,
        "religion#offensive": 0.0,
        "religion#hate": 0.0,
        "race#offensive": 0.029411764705882353,
        "race#hate": 0.9636363636363636,
        "politics#offensive": 0.0,
        "politics#hate": 1.0
      },
      "timestamp": "2026-04-23T13:06:44.469626",
      "n_samples": 1800
    },
    "rsqwen_456": {
      "model": "RSQwen_Constrained",
      "dataset": "seed_456",
      "subset_accuracy": 0.008333333333333333,
      "hamming_loss": 0.4354040404040404,
      "f1_samples": 0.15291137566137564,
      "f1_macro": 0.07696907513619675,
      "f1_micro": 0.15785874767998437,
      "precision_samples": 0.10816666666666666,
      "precision_macro": 0.13468114759854533,
      "precision_micro": 0.10091170226052204,
      "recall_samples": 0.3109722222222222,
      "recall_macro": 0.36324318134101885,
      "recall_micro": 0.36233183856502243,
      "f1_per_label": {
        "normal": 0.02733485193621868,
        "individuals#offensive": 0.0,
        "individuals#hate": 0.40732469852612774,
        "groups#offensive": 0.0,
        "groups#hate": 0.23444730077120823,
        "religion#offensive": 0.0,
        "religion#hate": 0.0,
        "race#offensive": 0.0,
        "race#hate": 0.09294320137693632,
        "politics#offensive": 0.0,
        "politics#hate": 0.08460977388767323
      },
      "precision_per_label": {
        "normal": 1.0,
        "individuals#offensive": 0.0,
        "individuals#hate": 0.2557487380818845,
        "groups#offensive": 0.0,
        "groups#hate": 0.13278974956319162,
        "religion#offensive": 0.0,
        "religion#hate": 0.0,
        "race#offensive": 0.0,
        "race#hate": 0.04878048780487805,
        "politics#offensive": 0.0,
        "politics#hate": 0.044173648134044174
      },
      "recall_per_label": {
        "normal": 0.013856812933025405,
        "individuals#offensive": 0.0,
        "individuals#hate": 1.0,